target_entity_type,metodo,seeds,source,Estimate,Error_p,Effect_size,Error_effect
candidate,weat,déficit superávit bolsonaro ciro,estadao,0.02857142857142857,0,1.441729360965799,0.06355980290142149
candidate,weat,déficit superávit haddad bolsonaro,estadao,0.02857142857142857,0,-1.373917324581503,0.07325975731070744
candidate,weat,inaceitável aceitável bolsonaro ciro,carta,0.030476190476190476,0.004085307976986294,1.6566718376053733,0.04261657478100944
